filename,person,face,cellphone,hand
/home/ajeet/codework/datasets/Training_Validation_Dataset_2024_Ajeet-20241107T105545Z-001/Training_Validation_Dataset_2024_Ajeet/cts_mobile_jan_to_march_2022/cts_labelled_cellphone_images/AliBadshaAnjalath_542614_mv_snap_17498.jpg,1,1,1,0
/home/ajeet/codework/datasets/Training_Validation_Dataset_2024_Ajeet-20241107T105545Z-001/Training_Validation_Dataset_2024_Ajeet/cts_mobile_jan_to_march_2022/cts_labelled_cellphone_images/AliBadshaAnjalath_542614_mv_snap_17487.jpg,1,1,1,1
/home/ajeet/codework/datasets/Training_Validation_Dataset_2024_Ajeet-20241107T105545Z-001/Training_Validation_Dataset_2024_Ajeet/cts_mobile_jan_to_march_2022/cts_labelled_cellphone_images/r_600049_mv_snap_41940.jpg,1,1,1,0
/home/ajeet/codework/datasets/Training_Validation_Dataset_2024_Ajeet-20241107T105545Z-001/Training_Validation_Dataset_2024_Ajeet/cts_mobile_jan_to_march_2022/cts_labelled_cellphone_images/Shaila_612785_mv_snap_29994.jpg,1,1,1,1
/home/ajeet/codework/datasets/Training_Validation_Dataset_2024_Ajeet-20241107T105545Z-001/Training_Validation_Dataset_2024_Ajeet/cts_mobile_jan_to_march_2022/cts_labelled_cellphone_images/M_606230_mv_snap_7796.jpg,1,1,1,0
/home/ajeet/codework/datasets/Training_Validation_Dataset_2024_Ajeet-20241107T105545Z-001/Training_Validation_Dataset_2024_Ajeet/cts_mobile_jan_to_march_2022/cts_labelled_cellphone_images/Jadhav_610679_mv_snap_22656.jpg,1,1,1,1
/home/ajeet/codework/datasets/Training_Validation_Dataset_2024_Ajeet-20241107T105545Z-001/Training_Validation_Dataset_2024_Ajeet/cts_mobile_jan_to_march_2022/cts_labelled_cellphone_images/Ekade_592588_mv_snap_39095.jpg,1,1,1,0
/home/ajeet/codework/datasets/Training_Validation_Dataset_2024_Ajeet-20241107T105545Z-001/Training_Validation_Dataset_2024_Ajeet/cts_mobile_jan_to_march_2022/cts_labelled_cellphone_images/r_555172_mv_snap_34799.jpg,1,1,1,0
/home/ajeet/codework/datasets/Training_Validation_Dataset_2024_Ajeet-20241107T105545Z-001/Training_Validation_Dataset_2024_Ajeet/cts_mobile_jan_to_march_2022/cts_labelled_cellphone_images/r_603428_mv_snap_41974.jpg,1,1,1,0
/home/ajeet/codework/datasets/Training_Validation_Dataset_2024_Ajeet-20241107T105545Z-001/Training_Validation_Dataset_2024_Ajeet/cts_mobile_jan_to_march_2022/cts_labelled_cellphone_images/r_562878_mv_snap_34970.jpg,1,1,1,0
/home/ajeet/codework/datasets/Training_Validation_Dataset_2024_Ajeet-20241107T105545Z-001/Training_Validation_Dataset_2024_Ajeet/cts_mobile_jan_to_march_2022/cts_labelled_cellphone_images/Ekade_592588_mv_snap_39101.jpg,1,1,1,0
/home/ajeet/codework/datasets/Training_Validation_Dataset_2024_Ajeet-20241107T105545Z-001/Training_Validation_Dataset_2024_Ajeet/cts_mobile_jan_to_march_2022/cts_labelled_cellphone_images/VRNS_605793_mv_snap_60.jpg,1,1,1,1
/home/ajeet/codework/datasets/Training_Validation_Dataset_2024_Ajeet-20241107T105545Z-001/Training_Validation_Dataset_2024_Ajeet/cts_mobile_jan_to_march_2022/cts_labelled_cellphone_images/Tharaka_590053_mv_snap_20569.jpg,1,1,1,1
/home/ajeet/codework/datasets/Training_Validation_Dataset_2024_Ajeet-20241107T105545Z-001/Training_Validation_Dataset_2024_Ajeet/cts_mobile_jan_to_march_2022/cts_labelled_cellphone_images/M_613245_mv_snap_8101.jpg,1,1,1,1
/home/ajeet/codework/datasets/Training_Validation_Dataset_2024_Ajeet-20241107T105545Z-001/Training_Validation_Dataset_2024_Ajeet/cts_mobile_jan_to_march_2022/cts_labelled_cellphone_images/r_600049_mv_snap_41934.jpg,1,1,1,1
/home/ajeet/codework/datasets/Training_Validation_Dataset_2024_Ajeet-20241107T105545Z-001/Training_Validation_Dataset_2024_Ajeet/cts_mobile_jan_to_march_2022/cts_labelled_cellphone_images/M_608373_mv_snap_8006.jpg,1,1,1,0
/home/ajeet/codework/datasets/Training_Validation_Dataset_2024_Ajeet-20241107T105545Z-001/Training_Validation_Dataset_2024_Ajeet/cts_mobile_jan_to_march_2022/cts_labelled_cellphone_images/M_606230_mv_snap_7823.jpg,1,1,1,1
/home/ajeet/codework/datasets/Training_Validation_Dataset_2024_Ajeet-20241107T105545Z-001/Training_Validation_Dataset_2024_Ajeet/cts_mobile_jan_to_march_2022/cts_labelled_cellphone_images/Tharaka_572199_Mobile Camera_20036.jpg,1,0,0,0
/home/ajeet/codework/datasets/Training_Validation_Dataset_2024_Ajeet-20241107T105545Z-001/Training_Validation_Dataset_2024_Ajeet/cts_mobile_jan_to_march_2022/cts_labelled_cellphone_images/M_608373_mv_snap_8003.jpg,1,1,1,0
/home/ajeet/codework/datasets/Training_Validation_Dataset_2024_Ajeet-20241107T105545Z-001/Training_Validation_Dataset_2024_Ajeet/cts_mobile_jan_to_march_2022/cts_labelled_cellphone_images/r_600049_mv_snap_41933.jpg,1,1,1,0
/home/ajeet/codework/datasets/Training_Validation_Dataset_2024_Ajeet-20241107T105545Z-001/Training_Validation_Dataset_2024_Ajeet/cts_mobile_jan_to_march_2022/cts_labelled_cellphone_images/AliBadshaAnjalath_542614_mv_snap_17499.jpg,1,1,1,0
/home/ajeet/codework/datasets/Training_Validation_Dataset_2024_Ajeet-20241107T105545Z-001/Training_Validation_Dataset_2024_Ajeet/cts_mobile_jan_to_march_2022/cts_labelled_cellphone_images/r_603428_mv_snap_41971.jpg,1,1,1,0
/home/ajeet/codework/datasets/Training_Validation_Dataset_2024_Ajeet-20241107T105545Z-001/Training_Validation_Dataset_2024_Ajeet/cts_mobile_jan_to_march_2022/cts_labelled_cellphone_images/Shaila_597078_mv_snap_29620.jpg,1,1,1,1
/home/ajeet/codework/datasets/Training_Validation_Dataset_2024_Ajeet-20241107T105545Z-001/Training_Validation_Dataset_2024_Ajeet/cts_mobile_jan_to_march_2022/cts_labelled_cellphone_images/r_562878_mv_snap_34966.jpg,1,1,1,0
/home/ajeet/codework/datasets/Training_Validation_Dataset_2024_Ajeet-20241107T105545Z-001/Training_Validation_Dataset_2024_Ajeet/cts_mobile_jan_to_march_2022/cts_labelled_cellphone_images/M_603743_mv_snap_7679.jpg,1,1,1,1
/home/ajeet/codework/datasets/Training_Validation_Dataset_2024_Ajeet-20241107T105545Z-001/Training_Validation_Dataset_2024_Ajeet/cts_mobile_jan_to_march_2022/cts_labelled_cellphone_images/M_608373_mv_snap_7977.jpg,1,1,1,1
/home/ajeet/codework/datasets/Training_Validation_Dataset_2024_Ajeet-20241107T105545Z-001/Training_Validation_Dataset_2024_Ajeet/cts_mobile_jan_to_march_2022/cts_labelled_cellphone_images/Tharaka_580509_mv_snap_20235.jpg,1,1,1,0
/home/ajeet/codework/datasets/Training_Validation_Dataset_2024_Ajeet-20241107T105545Z-001/Training_Validation_Dataset_2024_Ajeet/cts_mobile_jan_to_march_2022/cts_labelled_cellphone_images/r_603428_mv_snap_41978.jpg,1,1,1,0
/home/ajeet/codework/datasets/Training_Validation_Dataset_2024_Ajeet-20241107T105545Z-001/Training_Validation_Dataset_2024_Ajeet/cts_mobile_jan_to_march_2022/cts_labelled_cellphone_images/M_606230_mv_snap_7821.jpg,1,1,1,1
/home/ajeet/codework/datasets/Training_Validation_Dataset_2024_Ajeet-20241107T105545Z-001/Training_Validation_Dataset_2024_Ajeet/cts_mobile_jan_to_march_2022/cts_labelled_cellphone_images/AliBadshaAnjalath_551068_mv_snap_17623.jpg,1,1,1,0
/home/ajeet/codework/datasets/Training_Validation_Dataset_2024_Ajeet-20241107T105545Z-001/Training_Validation_Dataset_2024_Ajeet/cts_mobile_jan_to_march_2022/cts_labelled_cellphone_images/AliBadshaAnjalath_542614_mv_snap_17490.jpg,1,1,1,0
/home/ajeet/codework/datasets/Training_Validation_Dataset_2024_Ajeet-20241107T105545Z-001/Training_Validation_Dataset_2024_Ajeet/cts_mobile_jan_to_march_2022/cts_labelled_cellphone_images/M_606230_mv_snap_7822.jpg,1,1,1,1
/home/ajeet/codework/datasets/Training_Validation_Dataset_2024_Ajeet-20241107T105545Z-001/Training_Validation_Dataset_2024_Ajeet/cts_mobile_jan_to_march_2022/cts_labelled_cellphone_images/Ekade_592588_mv_snap_39111.jpg,1,1,1,0
/home/ajeet/codework/datasets/Training_Validation_Dataset_2024_Ajeet-20241107T105545Z-001/Training_Validation_Dataset_2024_Ajeet/cts_mobile_jan_to_march_2022/cts_labelled_cellphone_images/Verma_560028_mv_snap_28397.jpg,1,1,1,0
/home/ajeet/codework/datasets/Training_Validation_Dataset_2024_Ajeet-20241107T105545Z-001/Training_Validation_Dataset_2024_Ajeet/cts_mobile_jan_to_march_2022/cts_labelled_cellphone_images/Prabhu_594251_mv_snap_412.jpg,1,1,1,1
/home/ajeet/codework/datasets/Training_Validation_Dataset_2024_Ajeet-20241107T105545Z-001/Training_Validation_Dataset_2024_Ajeet/cts_mobile_jan_to_march_2022/cts_labelled_cellphone_images/M_608373_mv_snap_8008.jpg,1,1,1,0
/home/ajeet/codework/datasets/Training_Validation_Dataset_2024_Ajeet-20241107T105545Z-001/Training_Validation_Dataset_2024_Ajeet/cts_mobile_jan_to_march_2022/cts_labelled_cellphone_images/Ekade_592588_mv_snap_39104.jpg,1,1,1,0
/home/ajeet/codework/datasets/Training_Validation_Dataset_2024_Ajeet-20241107T105545Z-001/Training_Validation_Dataset_2024_Ajeet/cts_mobile_jan_to_march_2022/cts_labelled_cellphone_images/AliBadshaAnjalath_542614_mv_snap_17488.jpg,1,1,1,0
/home/ajeet/codework/datasets/Training_Validation_Dataset_2024_Ajeet-20241107T105545Z-001/Training_Validation_Dataset_2024_Ajeet/cts_mobile_jan_to_march_2022/cts_labelled_cellphone_images/Tharaka_586405_mv_snap_20450.jpg,1,0,1,1
/home/ajeet/codework/datasets/Training_Validation_Dataset_2024_Ajeet-20241107T105545Z-001/Training_Validation_Dataset_2024_Ajeet/cts_mobile_jan_to_march_2022/cts_labelled_cellphone_images/AliBadshaAnjalath_542614_mv_snap_17493.jpg,1,1,1,0
/home/ajeet/codework/datasets/Training_Validation_Dataset_2024_Ajeet-20241107T105545Z-001/Training_Validation_Dataset_2024_Ajeet/cts_mobile_jan_to_march_2022/cts_labelled_cellphone_images/M_603743_mv_snap_7681.jpg,1,1,1,1
/home/ajeet/codework/datasets/Training_Validation_Dataset_2024_Ajeet-20241107T105545Z-001/Training_Validation_Dataset_2024_Ajeet/cts_mobile_jan_to_march_2022/cts_labelled_cellphone_images/Kishore_575283_mv_snap_33954.jpg,1,1,1,1
/home/ajeet/codework/datasets/Training_Validation_Dataset_2024_Ajeet-20241107T105545Z-001/Training_Validation_Dataset_2024_Ajeet/cts_mobile_jan_to_march_2022/cts_labelled_cellphone_images/M_608373_mv_snap_7986.jpg,1,1,1,1
/home/ajeet/codework/datasets/Training_Validation_Dataset_2024_Ajeet-20241107T105545Z-001/Training_Validation_Dataset_2024_Ajeet/cts_mobile_jan_to_march_2022/cts_labelled_cellphone_images/M_609136_mv_snap_8037.jpg,1,1,0,0
/home/ajeet/codework/datasets/Training_Validation_Dataset_2024_Ajeet-20241107T105545Z-001/Training_Validation_Dataset_2024_Ajeet/cts_mobile_jan_to_march_2022/cts_labelled_cellphone_images/Tharaka_590053_mv_snap_20568.jpg,1,1,1,1
/home/ajeet/codework/datasets/Training_Validation_Dataset_2024_Ajeet-20241107T105545Z-001/Training_Validation_Dataset_2024_Ajeet/cts_mobile_jan_to_march_2022/cts_labelled_cellphone_images/AliBadshaAnjalath_542614_mv_snap_17494.jpg,1,1,1,0
/home/ajeet/codework/datasets/Training_Validation_Dataset_2024_Ajeet-20241107T105545Z-001/Training_Validation_Dataset_2024_Ajeet/cts_mobile_jan_to_march_2022/cts_labelled_cellphone_images/AliBadshaAnjalath_555741_mv_snap_17735.jpg,1,1,1,1
/home/ajeet/codework/datasets/Training_Validation_Dataset_2024_Ajeet-20241107T105545Z-001/Training_Validation_Dataset_2024_Ajeet/cts_mobile_jan_to_march_2022/cts_labelled_cellphone_images/Shaila_612785_mv_snap_29995.jpg,1,1,1,1
/home/ajeet/codework/datasets/Training_Validation_Dataset_2024_Ajeet-20241107T105545Z-001/Training_Validation_Dataset_2024_Ajeet/cts_mobile_jan_to_march_2022/cts_labelled_cellphone_images/Prabhu_568764_mv_snap_976.jpg,1,1,1,1
/home/ajeet/codework/datasets/Training_Validation_Dataset_2024_Ajeet-20241107T105545Z-001/Training_Validation_Dataset_2024_Ajeet/cts_mobile_jan_to_march_2022/cts_labelled_cellphone_images/M_608373_mv_snap_7997.jpg,1,1,1,0
/home/ajeet/codework/datasets/Training_Validation_Dataset_2024_Ajeet-20241107T105545Z-001/Training_Validation_Dataset_2024_Ajeet/cts_mobile_jan_to_march_2022/cts_labelled_cellphone_images/M_603743_mv_snap_7682.jpg,1,1,1,1
/home/ajeet/codework/datasets/Training_Validation_Dataset_2024_Ajeet-20241107T105545Z-001/Training_Validation_Dataset_2024_Ajeet/cts_mobile_jan_to_march_2022/cts_labelled_cellphone_images/M_608373_mv_snap_7969.jpg,1,1,1,1
/home/ajeet/codework/datasets/Training_Validation_Dataset_2024_Ajeet-20241107T105545Z-001/Training_Validation_Dataset_2024_Ajeet/cts_mobile_jan_to_march_2022/cts_labelled_cellphone_images/Shaila_597078_mv_snap_29618.jpg,1,1,1,1
/home/ajeet/codework/datasets/Training_Validation_Dataset_2024_Ajeet-20241107T105545Z-001/Training_Validation_Dataset_2024_Ajeet/cts_mobile_jan_to_march_2022/cts_labelled_cellphone_images/AliBadshaAnjalath_551068_mv_snap_17630.jpg,1,1,1,0
/home/ajeet/codework/datasets/Training_Validation_Dataset_2024_Ajeet-20241107T105545Z-001/Training_Validation_Dataset_2024_Ajeet/cts_mobile_jan_to_march_2022/cts_labelled_cellphone_images/AliBadshaAnjalath_542614_mv_snap_17500.jpg,1,1,1,0
/home/ajeet/codework/datasets/Training_Validation_Dataset_2024_Ajeet-20241107T105545Z-001/Training_Validation_Dataset_2024_Ajeet/cts_mobile_jan_to_march_2022/cts_labelled_cellphone_images/Ekade_592588_mv_snap_39106.jpg,1,1,1,1
/home/ajeet/codework/datasets/Training_Validation_Dataset_2024_Ajeet-20241107T105545Z-001/Training_Validation_Dataset_2024_Ajeet/cts_mobile_jan_to_march_2022/cts_labelled_cellphone_images/r_555172_mv_snap_34796.jpg,1,1,1,0
/home/ajeet/codework/datasets/Training_Validation_Dataset_2024_Ajeet-20241107T105545Z-001/Training_Validation_Dataset_2024_Ajeet/cts_mobile_jan_to_march_2022/cts_labelled_cellphone_images/r_562878_mv_snap_34980.jpg,1,1,1,0
/home/ajeet/codework/datasets/Training_Validation_Dataset_2024_Ajeet-20241107T105545Z-001/Training_Validation_Dataset_2024_Ajeet/cts_mobile_jan_to_march_2022/cts_labelled_cellphone_images/Ekade_592588_mv_snap_39092.jpg,1,1,1,0
/home/ajeet/codework/datasets/Training_Validation_Dataset_2024_Ajeet-20241107T105545Z-001/Training_Validation_Dataset_2024_Ajeet/cts_mobile_jan_to_march_2022/cts_labelled_cellphone_images/M_608373_mv_snap_7998.jpg,1,1,1,0
/home/ajeet/codework/datasets/Training_Validation_Dataset_2024_Ajeet-20241107T105545Z-001/Training_Validation_Dataset_2024_Ajeet/cts_mobile_jan_to_march_2022/cts_labelled_cellphone_images/M_620565_mv_snap_8213.jpg,1,1,1,1
/home/ajeet/codework/datasets/Training_Validation_Dataset_2024_Ajeet-20241107T105545Z-001/Training_Validation_Dataset_2024_Ajeet/cts_mobile_jan_to_march_2022/cts_labelled_cellphone_images/r_600049_mv_snap_41930.jpg,1,1,1,0
/home/ajeet/codework/datasets/Training_Validation_Dataset_2024_Ajeet-20241107T105545Z-001/Training_Validation_Dataset_2024_Ajeet/cts_mobile_jan_to_march_2022/cts_labelled_cellphone_images/M_606230_mv_snap_7790.jpg,1,1,1,0
/home/ajeet/codework/datasets/Training_Validation_Dataset_2024_Ajeet-20241107T105545Z-001/Training_Validation_Dataset_2024_Ajeet/cts_mobile_jan_to_march_2022/cts_labelled_cellphone_images/Tharaka_572199_mv_snap_20017.jpg,1,1,1,0
/home/ajeet/codework/datasets/Training_Validation_Dataset_2024_Ajeet-20241107T105545Z-001/Training_Validation_Dataset_2024_Ajeet/cts_mobile_jan_to_march_2022/cts_labelled_cellphone_images/Tharaka_549929_mv_snap_19593.jpg,1,1,1,1
/home/ajeet/codework/datasets/Training_Validation_Dataset_2024_Ajeet-20241107T105545Z-001/Training_Validation_Dataset_2024_Ajeet/cts_mobile_jan_to_march_2022/cts_labelled_cellphone_images/r_600049_mv_snap_41931.jpg,1,1,1,0
/home/ajeet/codework/datasets/Training_Validation_Dataset_2024_Ajeet-20241107T105545Z-001/Training_Validation_Dataset_2024_Ajeet/cts_mobile_jan_to_march_2022/cts_labelled_cellphone_images/Ekade_592588_mv_snap_39122.jpg,1,1,1,1
/home/ajeet/codework/datasets/Training_Validation_Dataset_2024_Ajeet-20241107T105545Z-001/Training_Validation_Dataset_2024_Ajeet/cts_mobile_jan_to_march_2022/cts_labelled_cellphone_images/M_608373_mv_snap_7985.jpg,1,1,1,1
/home/ajeet/codework/datasets/Training_Validation_Dataset_2024_Ajeet-20241107T105545Z-001/Training_Validation_Dataset_2024_Ajeet/cts_mobile_jan_to_march_2022/cts_labelled_cellphone_images/r_555172_mv_snap_34794.jpg,1,1,1,1
/home/ajeet/codework/datasets/Training_Validation_Dataset_2024_Ajeet-20241107T105545Z-001/Training_Validation_Dataset_2024_Ajeet/cts_mobile_jan_to_march_2022/cts_labelled_cellphone_images/Jadhav_616288_mv_snap_22747.jpg,1,1,1,1
/home/ajeet/codework/datasets/Training_Validation_Dataset_2024_Ajeet-20241107T105545Z-001/Training_Validation_Dataset_2024_Ajeet/cts_mobile_jan_to_march_2022/cts_labelled_cellphone_images/Prabhu_594251_mv_snap_414.jpg,1,1,1,1
/home/ajeet/codework/datasets/Training_Validation_Dataset_2024_Ajeet-20241107T105545Z-001/Training_Validation_Dataset_2024_Ajeet/cts_mobile_jan_to_march_2022/cts_labelled_cellphone_images/AliBadshaAnjalath_551068_mv_snap_17620.jpg,1,1,1,0
/home/ajeet/codework/datasets/Training_Validation_Dataset_2024_Ajeet-20241107T105545Z-001/Training_Validation_Dataset_2024_Ajeet/cts_mobile_jan_to_march_2022/cts_labelled_cellphone_images/Shaila_612785_mv_snap_29993.jpg,1,1,1,1
/home/ajeet/codework/datasets/Training_Validation_Dataset_2024_Ajeet-20241107T105545Z-001/Training_Validation_Dataset_2024_Ajeet/cts_mobile_jan_to_march_2022/cts_labelled_cellphone_images/r_610472_mv_snap_42130.jpg,1,1,1,1
/home/ajeet/codework/datasets/Training_Validation_Dataset_2024_Ajeet-20241107T105545Z-001/Training_Validation_Dataset_2024_Ajeet/cts_mobile_jan_to_march_2022/cts_labelled_cellphone_images/Tambekar_656769_mv_snap_2018.jpg,1,1,1,0
/home/ajeet/codework/datasets/Training_Validation_Dataset_2024_Ajeet-20241107T105545Z-001/Training_Validation_Dataset_2024_Ajeet/cts_mobile_jan_to_march_2022/cts_labelled_cellphone_images/M_608373_mv_snap_8011.jpg,1,1,1,0
/home/ajeet/codework/datasets/Training_Validation_Dataset_2024_Ajeet-20241107T105545Z-001/Training_Validation_Dataset_2024_Ajeet/cts_mobile_jan_to_march_2022/cts_labelled_cellphone_images/Shaila_597078_mv_snap_29616.jpg,1,1,1,1
/home/ajeet/codework/datasets/Training_Validation_Dataset_2024_Ajeet-20241107T105545Z-001/Training_Validation_Dataset_2024_Ajeet/cts_mobile_jan_to_march_2022/cts_labelled_cellphone_images/Ekade_592588_mv_snap_39091.jpg,1,1,1,0
/home/ajeet/codework/datasets/Training_Validation_Dataset_2024_Ajeet-20241107T105545Z-001/Training_Validation_Dataset_2024_Ajeet/cts_mobile_jan_to_march_2022/cts_labelled_cellphone_images/Ekade_592588_mv_snap_39123.jpg,1,1,1,0
/home/ajeet/codework/datasets/Training_Validation_Dataset_2024_Ajeet-20241107T105545Z-001/Training_Validation_Dataset_2024_Ajeet/cts_mobile_jan_to_march_2022/cts_labelled_cellphone_images/AliBadshaAnjalath_542614_mv_snap_17492.jpg,1,1,1,0
/home/ajeet/codework/datasets/Training_Validation_Dataset_2024_Ajeet-20241107T105545Z-001/Training_Validation_Dataset_2024_Ajeet/cts_mobile_jan_to_march_2022/cts_labelled_cellphone_images/AliBadshaAnjalath_567092_mv_snap_17877.jpg,1,1,1,1
/home/ajeet/codework/datasets/Training_Validation_Dataset_2024_Ajeet-20241107T105545Z-001/Training_Validation_Dataset_2024_Ajeet/cts_mobile_jan_to_march_2022/cts_labelled_cellphone_images/r_562878_mv_snap_34972.jpg,1,1,1,0
/home/ajeet/codework/datasets/Training_Validation_Dataset_2024_Ajeet-20241107T105545Z-001/Training_Validation_Dataset_2024_Ajeet/cts_mobile_jan_to_march_2022/cts_labelled_cellphone_images/r_600049_mv_snap_41943.jpg,1,1,1,0
/home/ajeet/codework/datasets/Training_Validation_Dataset_2024_Ajeet-20241107T105545Z-001/Training_Validation_Dataset_2024_Ajeet/cts_mobile_jan_to_march_2022/cts_labelled_cellphone_images/M_606230_mv_snap_7791.jpg,1,1,1,0
/home/ajeet/codework/datasets/Training_Validation_Dataset_2024_Ajeet-20241107T105545Z-001/Training_Validation_Dataset_2024_Ajeet/cts_mobile_jan_to_march_2022/cts_labelled_cellphone_images/r_562878_mv_snap_34967.jpg,1,1,1,0
/home/ajeet/codework/datasets/Training_Validation_Dataset_2024_Ajeet-20241107T105545Z-001/Training_Validation_Dataset_2024_Ajeet/cts_mobile_jan_to_march_2022/cts_labelled_cellphone_images/M_608373_mv_snap_8002.jpg,1,1,1,0
/home/ajeet/codework/datasets/Training_Validation_Dataset_2024_Ajeet-20241107T105545Z-001/Training_Validation_Dataset_2024_Ajeet/cts_mobile_jan_to_march_2022/cts_labelled_cellphone_images/M_608373_mv_snap_7970.jpg,1,1,1,1
/home/ajeet/codework/datasets/Training_Validation_Dataset_2024_Ajeet-20241107T105545Z-001/Training_Validation_Dataset_2024_Ajeet/cts_mobile_jan_to_march_2022/cts_labelled_cellphone_images/M_608373_mv_snap_8007.jpg,1,1,1,0
/home/ajeet/codework/datasets/Training_Validation_Dataset_2024_Ajeet-20241107T105545Z-001/Training_Validation_Dataset_2024_Ajeet/cts_mobile_jan_to_march_2022/cts_labelled_cellphone_images/r_603428_mv_snap_41973.jpg,1,1,1,0
/home/ajeet/codework/datasets/Training_Validation_Dataset_2024_Ajeet-20241107T105545Z-001/Training_Validation_Dataset_2024_Ajeet/cts_mobile_jan_to_march_2022/cts_labelled_cellphone_images/Prabhu_550462_mv_snap_553.jpg,1,1,1,1
/home/ajeet/codework/datasets/Training_Validation_Dataset_2024_Ajeet-20241107T105545Z-001/Training_Validation_Dataset_2024_Ajeet/cts_mobile_jan_to_march_2022/cts_labelled_cellphone_images/Prabhu_566344_mv_snap_920.jpg,1,1,1,1
/home/ajeet/codework/datasets/Training_Validation_Dataset_2024_Ajeet-20241107T105545Z-001/Training_Validation_Dataset_2024_Ajeet/cts_mobile_jan_to_march_2022/cts_labelled_cellphone_images/M_629003_mv_snap_8381.jpg,1,1,1,1
/home/ajeet/codework/datasets/Training_Validation_Dataset_2024_Ajeet-20241107T105545Z-001/Training_Validation_Dataset_2024_Ajeet/cts_mobile_jan_to_march_2022/cts_labelled_cellphone_images/r_603428_mv_snap_41972.jpg,1,1,1,0
/home/ajeet/codework/datasets/Training_Validation_Dataset_2024_Ajeet-20241107T105545Z-001/Training_Validation_Dataset_2024_Ajeet/cts_mobile_jan_to_march_2022/cts_labelled_cellphone_images/r_603428_mv_snap_41976.jpg,1,1,1,0
/home/ajeet/codework/datasets/Training_Validation_Dataset_2024_Ajeet-20241107T105545Z-001/Training_Validation_Dataset_2024_Ajeet/cts_mobile_jan_to_march_2022/cts_labelled_cellphone_images/B R_629173_mv_snap_6104.jpg,1,1,1,1
/home/ajeet/codework/datasets/Training_Validation_Dataset_2024_Ajeet-20241107T105545Z-001/Training_Validation_Dataset_2024_Ajeet/cts_mobile_jan_to_march_2022/cts_labelled_cellphone_images/AliBadshaAnjalath_551068_mv_snap_17622.jpg,1,1,1,0
/home/ajeet/codework/datasets/Training_Validation_Dataset_2024_Ajeet-20241107T105545Z-001/Training_Validation_Dataset_2024_Ajeet/cts_mobile_jan_to_march_2022/cts_labelled_cellphone_images/M_609136_mv_snap_8038.jpg,1,1,0,0
/home/ajeet/codework/datasets/Training_Validation_Dataset_2024_Ajeet-20241107T105545Z-001/Training_Validation_Dataset_2024_Ajeet/cts_mobile_jan_to_march_2022/cts_labelled_cellphone_images/Ekade_592588_mv_snap_39098.jpg,1,1,1,0
/home/ajeet/codework/datasets/Training_Validation_Dataset_2024_Ajeet-20241107T105545Z-001/Training_Validation_Dataset_2024_Ajeet/cts_mobile_jan_to_march_2022/cts_labelled_cellphone_images/Ekade_592588_mv_snap_39109.jpg,1,1,1,0
/home/ajeet/codework/datasets/Training_Validation_Dataset_2024_Ajeet-20241107T105545Z-001/Training_Validation_Dataset_2024_Ajeet/cts_mobile_jan_to_march_2022/cts_labelled_cellphone_images/Ekade_592588_mv_snap_39112.jpg,1,1,1,0
/home/ajeet/codework/datasets/Training_Validation_Dataset_2024_Ajeet-20241107T105545Z-001/Training_Validation_Dataset_2024_Ajeet/cts_mobile_jan_to_march_2022/cts_labelled_cellphone_images/AliBadshaAnjalath_551068_mv_snap_17626.jpg,1,1,1,0
/home/ajeet/codework/datasets/Training_Validation_Dataset_2024_Ajeet-20241107T105545Z-001/Training_Validation_Dataset_2024_Ajeet/cts_mobile_jan_to_march_2022/cts_labelled_cellphone_images/M_608373_mv_snap_8014.jpg,1,1,1,0
/home/ajeet/codework/datasets/Training_Validation_Dataset_2024_Ajeet-20241107T105545Z-001/Training_Validation_Dataset_2024_Ajeet/cts_mobile_jan_to_march_2022/cts_labelled_cellphone_images/Jadhav_610679_mv_snap_22653.jpg,1,1,1,1
/home/ajeet/codework/datasets/Training_Validation_Dataset_2024_Ajeet-20241107T105545Z-001/Training_Validation_Dataset_2024_Ajeet/cts_mobile_jan_to_march_2022/cts_labelled_cellphone_images/M_606230_mv_snap_7825.jpg,1,1,1,0
/home/ajeet/codework/datasets/Training_Validation_Dataset_2024_Ajeet-20241107T105545Z-001/Training_Validation_Dataset_2024_Ajeet/cts_mobile_jan_to_march_2022/cts_labelled_cellphone_images/r_562878_mv_snap_34981.jpg,1,1,1,0
/home/ajeet/codework/datasets/Training_Validation_Dataset_2024_Ajeet-20241107T105545Z-001/Training_Validation_Dataset_2024_Ajeet/cts_mobile_jan_to_march_2022/cts_labelled_cellphone_images/AliBadshaAnjalath_542614_mv_snap_17485.jpg,1,1,1,1
/home/ajeet/codework/datasets/Training_Validation_Dataset_2024_Ajeet-20241107T105545Z-001/Training_Validation_Dataset_2024_Ajeet/cts_mobile_jan_to_march_2022/cts_labelled_cellphone_images/Prabhu_594251_mv_snap_413.jpg,1,1,1,1
/home/ajeet/codework/datasets/Training_Validation_Dataset_2024_Ajeet-20241107T105545Z-001/Training_Validation_Dataset_2024_Ajeet/cts_mobile_jan_to_march_2022/cts_labelled_cellphone_images/G_627850_mv_snap_40830.jpg,1,1,1,1
/home/ajeet/codework/datasets/Training_Validation_Dataset_2024_Ajeet-20241107T105545Z-001/Training_Validation_Dataset_2024_Ajeet/cts_mobile_jan_to_march_2022/cts_labelled_cellphone_images/Jadhav_610679_mv_snap_22658.jpg,1,1,1,1
/home/ajeet/codework/datasets/Training_Validation_Dataset_2024_Ajeet-20241107T105545Z-001/Training_Validation_Dataset_2024_Ajeet/cts_mobile_jan_to_march_2022/cts_labelled_cellphone_images/r_600049_mv_snap_41932.jpg,1,1,1,0
/home/ajeet/codework/datasets/Training_Validation_Dataset_2024_Ajeet-20241107T105545Z-001/Training_Validation_Dataset_2024_Ajeet/cts_mobile_jan_to_march_2022/cts_labelled_cellphone_images/Ekade_592588_mv_snap_39090.jpg,1,1,1,0
/home/ajeet/codework/datasets/Training_Validation_Dataset_2024_Ajeet-20241107T105545Z-001/Training_Validation_Dataset_2024_Ajeet/cts_mobile_jan_to_march_2022/cts_labelled_cellphone_images/r_547605_mv_snap_34665.jpg,1,1,1,0
/home/ajeet/codework/datasets/Training_Validation_Dataset_2024_Ajeet-20241107T105545Z-001/Training_Validation_Dataset_2024_Ajeet/cts_mobile_jan_to_march_2022/cts_labelled_cellphone_images/Prabhu_550462_mv_snap_554.jpg,1,1,1,1
/home/ajeet/codework/datasets/Training_Validation_Dataset_2024_Ajeet-20241107T105545Z-001/Training_Validation_Dataset_2024_Ajeet/cts_mobile_jan_to_march_2022/cts_labelled_cellphone_images/Shaila_597078_mv_snap_29617.jpg,1,1,1,1
/home/ajeet/codework/datasets/Training_Validation_Dataset_2024_Ajeet-20241107T105545Z-001/Training_Validation_Dataset_2024_Ajeet/cts_mobile_jan_to_march_2022/cts_labelled_cellphone_images/r_563873_mv_snap_34986.jpg,1,1,1,0
/home/ajeet/codework/datasets/Training_Validation_Dataset_2024_Ajeet-20241107T105545Z-001/Training_Validation_Dataset_2024_Ajeet/cts_mobile_jan_to_march_2022/cts_labelled_cellphone_images/Tharaka_549929_mv_snap_19597.jpg,1,1,1,1
/home/ajeet/codework/datasets/Training_Validation_Dataset_2024_Ajeet-20241107T105545Z-001/Training_Validation_Dataset_2024_Ajeet/cts_mobile_jan_to_march_2022/cts_labelled_cellphone_images/Tharaka_590053_mv_snap_20571.jpg,1,1,1,1
/home/ajeet/codework/datasets/Training_Validation_Dataset_2024_Ajeet-20241107T105545Z-001/Training_Validation_Dataset_2024_Ajeet/cts_mobile_jan_to_march_2022/cts_labelled_cellphone_images/M_608373_mv_snap_7976.jpg,1,1,1,1
/home/ajeet/codework/datasets/Training_Validation_Dataset_2024_Ajeet-20241107T105545Z-001/Training_Validation_Dataset_2024_Ajeet/cts_mobile_jan_to_march_2022/cts_labelled_cellphone_images/r_547605_mv_snap_34705.jpg,1,1,1,1
/home/ajeet/codework/datasets/Training_Validation_Dataset_2024_Ajeet-20241107T105545Z-001/Training_Validation_Dataset_2024_Ajeet/cts_mobile_jan_to_march_2022/cts_labelled_cellphone_images/Ekade_592588_mv_snap_39096.jpg,1,1,1,0
/home/ajeet/codework/datasets/Training_Validation_Dataset_2024_Ajeet-20241107T105545Z-001/Training_Validation_Dataset_2024_Ajeet/cts_mobile_jan_to_march_2022/cts_labelled_cellphone_images/Tharaka_572199_Mobile Camera_20028.jpg,1,0,0,0
/home/ajeet/codework/datasets/Training_Validation_Dataset_2024_Ajeet-20241107T105545Z-001/Training_Validation_Dataset_2024_Ajeet/cts_mobile_jan_to_march_2022/cts_labelled_cellphone_images/Jadhav_610679_mv_snap_22655.jpg,1,1,1,1
/home/ajeet/codework/datasets/Training_Validation_Dataset_2024_Ajeet-20241107T105545Z-001/Training_Validation_Dataset_2024_Ajeet/cts_mobile_jan_to_march_2022/cts_labelled_cellphone_images/r_600049_mv_snap_41941.jpg,1,1,1,0
/home/ajeet/codework/datasets/Training_Validation_Dataset_2024_Ajeet-20241107T105545Z-001/Training_Validation_Dataset_2024_Ajeet/cts_mobile_jan_to_march_2022/cts_labelled_cellphone_images/r_563873_mv_snap_34987.jpg,1,1,1,0
/home/ajeet/codework/datasets/Training_Validation_Dataset_2024_Ajeet-20241107T105545Z-001/Training_Validation_Dataset_2024_Ajeet/cts_mobile_jan_to_march_2022/cts_labelled_cellphone_images/AliBadshaAnjalath_551068_mv_snap_17591.jpg,1,1,1,1
/home/ajeet/codework/datasets/Training_Validation_Dataset_2024_Ajeet-20241107T105545Z-001/Training_Validation_Dataset_2024_Ajeet/cts_mobile_jan_to_march_2022/cts_labelled_cellphone_images/r_603428_mv_snap_41977.jpg,1,1,1,0
/home/ajeet/codework/datasets/Training_Validation_Dataset_2024_Ajeet-20241107T105545Z-001/Training_Validation_Dataset_2024_Ajeet/cts_mobile_jan_to_march_2022/cts_labelled_cellphone_images/Ekade_592588_mv_snap_39110.jpg,1,1,1,0
/home/ajeet/codework/datasets/Training_Validation_Dataset_2024_Ajeet-20241107T105545Z-001/Training_Validation_Dataset_2024_Ajeet/cts_mobile_jan_to_march_2022/cts_labelled_cellphone_images/M_608373_mv_snap_7978.jpg,1,1,1,1
/home/ajeet/codework/datasets/Training_Validation_Dataset_2024_Ajeet-20241107T105545Z-001/Training_Validation_Dataset_2024_Ajeet/cts_mobile_jan_to_march_2022/cts_labelled_cellphone_images/AliBadshaAnjalath_567092_mv_snap_17876.jpg,1,1,1,1
/home/ajeet/codework/datasets/Training_Validation_Dataset_2024_Ajeet-20241107T105545Z-001/Training_Validation_Dataset_2024_Ajeet/cts_mobile_jan_to_march_2022/cts_labelled_cellphone_images/r_562878_mv_snap_34978.jpg,1,1,1,0
/home/ajeet/codework/datasets/Training_Validation_Dataset_2024_Ajeet-20241107T105545Z-001/Training_Validation_Dataset_2024_Ajeet/cts_mobile_jan_to_march_2022/cts_labelled_cellphone_images/r_562878_mv_snap_34976.jpg,1,1,1,0
/home/ajeet/codework/datasets/Training_Validation_Dataset_2024_Ajeet-20241107T105545Z-001/Training_Validation_Dataset_2024_Ajeet/cts_mobile_jan_to_march_2022/cts_labelled_cellphone_images/r_555172_mv_snap_34797.jpg,1,1,1,1
/home/ajeet/codework/datasets/Training_Validation_Dataset_2024_Ajeet-20241107T105545Z-001/Training_Validation_Dataset_2024_Ajeet/cts_mobile_jan_to_march_2022/cts_labelled_cellphone_images/r_610472_mv_snap_42131.jpg,1,1,1,1
/home/ajeet/codework/datasets/Training_Validation_Dataset_2024_Ajeet-20241107T105545Z-001/Training_Validation_Dataset_2024_Ajeet/cts_mobile_jan_to_march_2022/cts_labelled_cellphone_images/r_600049_mv_snap_41939.jpg,1,1,1,0
/home/ajeet/codework/datasets/Training_Validation_Dataset_2024_Ajeet-20241107T105545Z-001/Training_Validation_Dataset_2024_Ajeet/cts_mobile_jan_to_march_2022/cts_labelled_cellphone_images/Sarkar_589757_mv_snap_8480.jpg,1,1,1,1
/home/ajeet/codework/datasets/Training_Validation_Dataset_2024_Ajeet-20241107T105545Z-001/Training_Validation_Dataset_2024_Ajeet/cts_mobile_jan_to_march_2022/cts_labelled_cellphone_images/r_603428_mv_snap_41967.jpg,1,1,1,0
/home/ajeet/codework/datasets/Training_Validation_Dataset_2024_Ajeet-20241107T105545Z-001/Training_Validation_Dataset_2024_Ajeet/cts_mobile_jan_to_march_2022/cts_labelled_cellphone_images/r_600049_mv_snap_41938.jpg,1,1,1,0
/home/ajeet/codework/datasets/Training_Validation_Dataset_2024_Ajeet-20241107T105545Z-001/Training_Validation_Dataset_2024_Ajeet/cts_mobile_jan_to_march_2022/cts_labelled_cellphone_images/r_555172_mv_snap_34798.jpg,1,1,1,0
/home/ajeet/codework/datasets/Training_Validation_Dataset_2024_Ajeet-20241107T105545Z-001/Training_Validation_Dataset_2024_Ajeet/cts_mobile_jan_to_march_2022/cts_labelled_cellphone_images/M_606230_mv_snap_7794.jpg,1,1,1,0
/home/ajeet/codework/datasets/Training_Validation_Dataset_2024_Ajeet-20241107T105545Z-001/Training_Validation_Dataset_2024_Ajeet/cts_mobile_jan_to_march_2022/cts_labelled_cellphone_images/M_608373_mv_snap_8001.jpg,1,1,1,0
/home/ajeet/codework/datasets/Training_Validation_Dataset_2024_Ajeet-20241107T105545Z-001/Training_Validation_Dataset_2024_Ajeet/cts_mobile_jan_to_march_2022/cts_labelled_cellphone_images/M_609136_mv_snap_8034.jpg,1,1,1,1
/home/ajeet/codework/datasets/Training_Validation_Dataset_2024_Ajeet-20241107T105545Z-001/Training_Validation_Dataset_2024_Ajeet/cts_mobile_jan_to_march_2022/cts_labelled_cellphone_images/r_562878_mv_snap_34965.jpg,1,1,1,0
/home/ajeet/codework/datasets/Training_Validation_Dataset_2024_Ajeet-20241107T105545Z-001/Training_Validation_Dataset_2024_Ajeet/cts_mobile_jan_to_march_2022/cts_labelled_cellphone_images/M_620565_mv_snap_8173.jpg,1,1,1,1
/home/ajeet/codework/datasets/Training_Validation_Dataset_2024_Ajeet-20241107T105545Z-001/Training_Validation_Dataset_2024_Ajeet/cts_mobile_jan_to_march_2022/cts_labelled_cellphone_images/AliBadshaAnjalath_542614_mv_snap_17496.jpg,1,1,1,0
/home/ajeet/codework/datasets/Training_Validation_Dataset_2024_Ajeet-20241107T105545Z-001/Training_Validation_Dataset_2024_Ajeet/cts_mobile_jan_to_march_2022/cts_labelled_cellphone_images/r_555172_mv_snap_34795.jpg,1,1,1,0
/home/ajeet/codework/datasets/Training_Validation_Dataset_2024_Ajeet-20241107T105545Z-001/Training_Validation_Dataset_2024_Ajeet/cts_mobile_jan_to_march_2022/cts_labelled_cellphone_images/Ekade_592588_mv_snap_39105.jpg,1,1,1,0
/home/ajeet/codework/datasets/Training_Validation_Dataset_2024_Ajeet-20241107T105545Z-001/Training_Validation_Dataset_2024_Ajeet/cts_mobile_jan_to_march_2022/cts_labelled_cellphone_images/AliBadshaAnjalath_551068_mv_snap_17625.jpg,1,1,1,1
/home/ajeet/codework/datasets/Training_Validation_Dataset_2024_Ajeet-20241107T105545Z-001/Training_Validation_Dataset_2024_Ajeet/cts_mobile_jan_to_march_2022/cts_labelled_cellphone_images/M_613245_mv_snap_8092.jpg,1,1,1,0
/home/ajeet/codework/datasets/Training_Validation_Dataset_2024_Ajeet-20241107T105545Z-001/Training_Validation_Dataset_2024_Ajeet/cts_mobile_jan_to_march_2022/cts_labelled_cellphone_images/r_562878_mv_snap_34968.jpg,1,1,1,0
/home/ajeet/codework/datasets/Training_Validation_Dataset_2024_Ajeet-20241107T105545Z-001/Training_Validation_Dataset_2024_Ajeet/cts_mobile_jan_to_march_2022/cts_labelled_cellphone_images/Prabhu_594251_mv_snap_415.jpg,1,1,1,1
/home/ajeet/codework/datasets/Training_Validation_Dataset_2024_Ajeet-20241107T105545Z-001/Training_Validation_Dataset_2024_Ajeet/cts_mobile_jan_to_march_2022/cts_labelled_cellphone_images/AliBadshaAnjalath_551068_mv_snap_17619.jpg,1,1,1,0
/home/ajeet/codework/datasets/Training_Validation_Dataset_2024_Ajeet-20241107T105545Z-001/Training_Validation_Dataset_2024_Ajeet/cts_mobile_jan_to_march_2022/cts_labelled_cellphone_images/M_620565_mv_snap_8214.jpg,1,1,1,0
/home/ajeet/codework/datasets/Training_Validation_Dataset_2024_Ajeet-20241107T105545Z-001/Training_Validation_Dataset_2024_Ajeet/cts_mobile_jan_to_march_2022/cts_labelled_cellphone_images/M_606230_mv_snap_7795.jpg,1,1,1,0
/home/ajeet/codework/datasets/Training_Validation_Dataset_2024_Ajeet-20241107T105545Z-001/Training_Validation_Dataset_2024_Ajeet/cts_mobile_jan_to_march_2022/cts_labelled_cellphone_images/M_609136_mv_snap_8039.jpg,1,1,1,1
/home/ajeet/codework/datasets/Training_Validation_Dataset_2024_Ajeet-20241107T105545Z-001/Training_Validation_Dataset_2024_Ajeet/cts_mobile_jan_to_march_2022/cts_labelled_cellphone_images/AliBadshaAnjalath_542614_mv_snap_17497.jpg,1,1,1,0
/home/ajeet/codework/datasets/Training_Validation_Dataset_2024_Ajeet-20241107T105545Z-001/Training_Validation_Dataset_2024_Ajeet/cts_mobile_jan_to_march_2022/cts_labelled_cellphone_images/Kishore_575283_mv_snap_33957.jpg,1,1,1,1
/home/ajeet/codework/datasets/Training_Validation_Dataset_2024_Ajeet-20241107T105545Z-001/Training_Validation_Dataset_2024_Ajeet/cts_mobile_jan_to_march_2022/cts_labelled_cellphone_images/r_603428_mv_snap_41968.jpg,1,1,1,0
/home/ajeet/codework/datasets/Training_Validation_Dataset_2024_Ajeet-20241107T105545Z-001/Training_Validation_Dataset_2024_Ajeet/cts_mobile_jan_to_march_2022/cts_labelled_cellphone_images/Tharaka_590053_mv_snap_20570.jpg,1,1,1,1
/home/ajeet/codework/datasets/Training_Validation_Dataset_2024_Ajeet-20241107T105545Z-001/Training_Validation_Dataset_2024_Ajeet/cts_mobile_jan_to_march_2022/cts_labelled_cellphone_images/M_608373_mv_snap_8009.jpg,1,1,1,0
/home/ajeet/codework/datasets/Training_Validation_Dataset_2024_Ajeet-20241107T105545Z-001/Training_Validation_Dataset_2024_Ajeet/cts_mobile_jan_to_march_2022/cts_labelled_cellphone_images/Shaila_597078_mv_snap_29623.jpg,1,1,1,1
/home/ajeet/codework/datasets/Training_Validation_Dataset_2024_Ajeet-20241107T105545Z-001/Training_Validation_Dataset_2024_Ajeet/cts_mobile_jan_to_march_2022/cts_labelled_cellphone_images/M_608373_mv_snap_8012.jpg,1,1,1,0
/home/ajeet/codework/datasets/Training_Validation_Dataset_2024_Ajeet-20241107T105545Z-001/Training_Validation_Dataset_2024_Ajeet/cts_mobile_jan_to_march_2022/cts_labelled_cellphone_images/AliBadshaAnjalath_551068_mv_snap_17621.jpg,1,1,1,0
/home/ajeet/codework/datasets/Training_Validation_Dataset_2024_Ajeet-20241107T105545Z-001/Training_Validation_Dataset_2024_Ajeet/cts_mobile_jan_to_march_2022/cts_labelled_cellphone_images/M_629003_mv_snap_8383.jpg,1,1,1,0
/home/ajeet/codework/datasets/Training_Validation_Dataset_2024_Ajeet-20241107T105545Z-001/Training_Validation_Dataset_2024_Ajeet/cts_mobile_jan_to_march_2022/cts_labelled_cellphone_images/r_562878_mv_snap_34974.jpg,1,1,1,0
/home/ajeet/codework/datasets/Training_Validation_Dataset_2024_Ajeet-20241107T105545Z-001/Training_Validation_Dataset_2024_Ajeet/cts_mobile_jan_to_march_2022/cts_labelled_cellphone_images/AliBadshaAnjalath_542614_mv_snap_17491.jpg,1,1,1,0
/home/ajeet/codework/datasets/Training_Validation_Dataset_2024_Ajeet-20241107T105545Z-001/Training_Validation_Dataset_2024_Ajeet/cts_mobile_jan_to_march_2022/cts_labelled_cellphone_images/Shaila_597078_mv_snap_29619.jpg,1,1,1,1
/home/ajeet/codework/datasets/Training_Validation_Dataset_2024_Ajeet-20241107T105545Z-001/Training_Validation_Dataset_2024_Ajeet/cts_mobile_jan_to_march_2022/cts_labelled_cellphone_images/Verma_560028_mv_snap_28398.jpg,1,0,1,0
/home/ajeet/codework/datasets/Training_Validation_Dataset_2024_Ajeet-20241107T105545Z-001/Training_Validation_Dataset_2024_Ajeet/cts_mobile_jan_to_march_2022/cts_labelled_cellphone_images/M_606230_mv_snap_7824.jpg,1,1,1,0
/home/ajeet/codework/datasets/Training_Validation_Dataset_2024_Ajeet-20241107T105545Z-001/Training_Validation_Dataset_2024_Ajeet/cts_mobile_jan_to_march_2022/cts_labelled_cellphone_images/AliBadshaAnjalath_551068_mv_snap_17624.jpg,1,1,1,0
/home/ajeet/codework/datasets/Training_Validation_Dataset_2024_Ajeet-20241107T105545Z-001/Training_Validation_Dataset_2024_Ajeet/cts_mobile_jan_to_march_2022/cts_labelled_cellphone_images/r_600049_mv_snap_41937.jpg,1,1,1,0
/home/ajeet/codework/datasets/Training_Validation_Dataset_2024_Ajeet-20241107T105545Z-001/Training_Validation_Dataset_2024_Ajeet/cts_mobile_jan_to_march_2022/cts_labelled_cellphone_images/M_609136_mv_snap_8033.jpg,1,1,1,1
/home/ajeet/codework/datasets/Training_Validation_Dataset_2024_Ajeet-20241107T105545Z-001/Training_Validation_Dataset_2024_Ajeet/cts_mobile_jan_to_march_2022/cts_labelled_cellphone_images/r_603428_mv_snap_41969.jpg,1,1,1,0
/home/ajeet/codework/datasets/Training_Validation_Dataset_2024_Ajeet-20241107T105545Z-001/Training_Validation_Dataset_2024_Ajeet/cts_mobile_jan_to_march_2022/cts_labelled_cellphone_images/Ekade_592588_mv_snap_39102.jpg,1,1,1,0
/home/ajeet/codework/datasets/Training_Validation_Dataset_2024_Ajeet-20241107T105545Z-001/Training_Validation_Dataset_2024_Ajeet/cts_mobile_jan_to_march_2022/cts_labelled_cellphone_images/M_606230_mv_snap_7797.jpg,1,1,1,1
/home/ajeet/codework/datasets/Training_Validation_Dataset_2024_Ajeet-20241107T105545Z-001/Training_Validation_Dataset_2024_Ajeet/cts_mobile_jan_to_march_2022/cts_labelled_cellphone_images/r_562878_mv_snap_34973.jpg,1,1,1,0
/home/ajeet/codework/datasets/Training_Validation_Dataset_2024_Ajeet-20241107T105545Z-001/Training_Validation_Dataset_2024_Ajeet/cts_mobile_jan_to_march_2022/cts_labelled_cellphone_images/r_600049_mv_snap_41942.jpg,1,1,1,0
/home/ajeet/codework/datasets/Training_Validation_Dataset_2024_Ajeet-20241107T105545Z-001/Training_Validation_Dataset_2024_Ajeet/cts_mobile_jan_to_march_2022/cts_labelled_cellphone_images/M_629003_mv_snap_8382.jpg,1,1,1,1
/home/ajeet/codework/datasets/Training_Validation_Dataset_2024_Ajeet-20241107T105545Z-001/Training_Validation_Dataset_2024_Ajeet/cts_mobile_jan_to_march_2022/cts_labelled_cellphone_images/AliBadshaAnjalath_542614_mv_snap_17495.jpg,1,1,1,0
/home/ajeet/codework/datasets/Training_Validation_Dataset_2024_Ajeet-20241107T105545Z-001/Training_Validation_Dataset_2024_Ajeet/cts_mobile_jan_to_march_2022/cts_labelled_cellphone_images/Shaila_597078_mv_snap_29621.jpg,1,1,1,1
/home/ajeet/codework/datasets/Training_Validation_Dataset_2024_Ajeet-20241107T105545Z-001/Training_Validation_Dataset_2024_Ajeet/cts_mobile_jan_to_march_2022/cts_labelled_cellphone_images/r_562878_mv_snap_34977.jpg,1,1,1,0
/home/ajeet/codework/datasets/Training_Validation_Dataset_2024_Ajeet-20241107T105545Z-001/Training_Validation_Dataset_2024_Ajeet/cts_mobile_jan_to_march_2022/cts_labelled_cellphone_images/r_603428_mv_snap_41979.jpg,1,1,1,0
/home/ajeet/codework/datasets/Training_Validation_Dataset_2024_Ajeet-20241107T105545Z-001/Training_Validation_Dataset_2024_Ajeet/cts_mobile_jan_to_march_2022/cts_labelled_cellphone_images/Ekade_592588_mv_snap_39094.jpg,1,1,1,0
/home/ajeet/codework/datasets/Training_Validation_Dataset_2024_Ajeet-20241107T105545Z-001/Training_Validation_Dataset_2024_Ajeet/cts_mobile_jan_to_march_2022/cts_labelled_cellphone_images/Jadhav_610679_mv_snap_22657.jpg,1,1,1,1
/home/ajeet/codework/datasets/Training_Validation_Dataset_2024_Ajeet-20241107T105545Z-001/Training_Validation_Dataset_2024_Ajeet/cts_mobile_jan_to_march_2022/cts_labelled_cellphone_images/M_613245_mv_snap_8100.jpg,1,1,1,1
/home/ajeet/codework/datasets/Training_Validation_Dataset_2024_Ajeet-20241107T105545Z-001/Training_Validation_Dataset_2024_Ajeet/cts_mobile_jan_to_march_2022/cts_labelled_cellphone_images/M_618427_mv_snap_8108.jpg,1,1,1,1
/home/ajeet/codework/datasets/Training_Validation_Dataset_2024_Ajeet-20241107T105545Z-001/Training_Validation_Dataset_2024_Ajeet/cts_mobile_jan_to_march_2022/cts_labelled_cellphone_images/Ekade_592588_mv_snap_39099.jpg,1,1,1,1
/home/ajeet/codework/datasets/Training_Validation_Dataset_2024_Ajeet-20241107T105545Z-001/Training_Validation_Dataset_2024_Ajeet/cts_mobile_jan_to_march_2022/cts_labelled_cellphone_images/Jadhav_610679_mv_snap_22654.jpg,1,1,1,1
/home/ajeet/codework/datasets/Training_Validation_Dataset_2024_Ajeet-20241107T105545Z-001/Training_Validation_Dataset_2024_Ajeet/cts_mobile_jan_to_march_2022/cts_labelled_cellphone_images/AliBadshaAnjalath_583520_mv_snap_18221.jpg,1,1,1,1
/home/ajeet/codework/datasets/Training_Validation_Dataset_2024_Ajeet-20241107T105545Z-001/Training_Validation_Dataset_2024_Ajeet/cts_mobile_jan_to_march_2022/cts_labelled_cellphone_images/Ekade_592588_mv_snap_39125.jpg,1,1,1,0
/home/ajeet/codework/datasets/Training_Validation_Dataset_2024_Ajeet-20241107T105545Z-001/Training_Validation_Dataset_2024_Ajeet/cts_mobile_jan_to_march_2022/cts_labelled_cellphone_images/AliBadshaAnjalath_567092_mv_snap_17875.jpg,1,1,1,1
/home/ajeet/codework/datasets/Training_Validation_Dataset_2024_Ajeet-20241107T105545Z-001/Training_Validation_Dataset_2024_Ajeet/cts_mobile_jan_to_march_2022/cts_labelled_cellphone_images/M_608373_mv_snap_8010.jpg,1,1,1,0
/home/ajeet/codework/datasets/Training_Validation_Dataset_2024_Ajeet-20241107T105545Z-001/Training_Validation_Dataset_2024_Ajeet/cts_mobile_jan_to_march_2022/cts_labelled_cellphone_images/M_629003_mv_snap_8396.jpg,1,1,1,1
/home/ajeet/codework/datasets/Training_Validation_Dataset_2024_Ajeet-20241107T105545Z-001/Training_Validation_Dataset_2024_Ajeet/cts_mobile_jan_to_march_2022/cts_labelled_cellphone_images/M_608373_mv_snap_8005.jpg,1,1,1,0
/home/ajeet/codework/datasets/Training_Validation_Dataset_2024_Ajeet-20241107T105545Z-001/Training_Validation_Dataset_2024_Ajeet/cts_mobile_jan_to_march_2022/cts_labelled_cellphone_images/M_608373_mv_snap_8000.jpg,1,1,1,1
/home/ajeet/codework/datasets/Training_Validation_Dataset_2024_Ajeet-20241107T105545Z-001/Training_Validation_Dataset_2024_Ajeet/cts_mobile_jan_to_march_2022/cts_labelled_cellphone_images/Kishore_575283_mv_snap_33956.jpg,1,1,1,0
/home/ajeet/codework/datasets/Training_Validation_Dataset_2024_Ajeet-20241107T105545Z-001/Training_Validation_Dataset_2024_Ajeet/cts_mobile_jan_to_march_2022/cts_labelled_cellphone_images/M_609136_mv_snap_8040.jpg,1,1,1,1
/home/ajeet/codework/datasets/Training_Validation_Dataset_2024_Ajeet-20241107T105545Z-001/Training_Validation_Dataset_2024_Ajeet/cts_mobile_jan_to_march_2022/cts_labelled_cellphone_images/r_562878_mv_snap_34969.jpg,1,1,1,0
/home/ajeet/codework/datasets/Training_Validation_Dataset_2024_Ajeet-20241107T105545Z-001/Training_Validation_Dataset_2024_Ajeet/cts_mobile_jan_to_march_2022/cts_labelled_cellphone_images/AliBadshaAnjalath_551068_mv_snap_17628.jpg,1,1,1,0
/home/ajeet/codework/datasets/Training_Validation_Dataset_2024_Ajeet-20241107T105545Z-001/Training_Validation_Dataset_2024_Ajeet/cts_mobile_jan_to_march_2022/cts_labelled_cellphone_images/AliBadshaAnjalath_555741_mv_snap_17729.jpg,1,1,1,0
/home/ajeet/codework/datasets/Training_Validation_Dataset_2024_Ajeet-20241107T105545Z-001/Training_Validation_Dataset_2024_Ajeet/cts_mobile_jan_to_march_2022/cts_labelled_cellphone_images/G_589682_mv_snap_26938.jpg,1,1,1,1
/home/ajeet/codework/datasets/Training_Validation_Dataset_2024_Ajeet-20241107T105545Z-001/Training_Validation_Dataset_2024_Ajeet/cts_mobile_jan_to_march_2022/cts_labelled_cellphone_images/r_562878_mv_snap_34975.jpg,1,1,1,0
/home/ajeet/codework/datasets/Training_Validation_Dataset_2024_Ajeet-20241107T105545Z-001/Training_Validation_Dataset_2024_Ajeet/cts_mobile_jan_to_march_2022/cts_labelled_cellphone_images/Ekade_592588_mv_snap_39103.jpg,1,1,1,0
/home/ajeet/codework/datasets/Training_Validation_Dataset_2024_Ajeet-20241107T105545Z-001/Training_Validation_Dataset_2024_Ajeet/cts_mobile_jan_to_march_2022/cts_labelled_cellphone_images/r_600049_mv_snap_41935.jpg,1,1,1,0
/home/ajeet/codework/datasets/Training_Validation_Dataset_2024_Ajeet-20241107T105545Z-001/Training_Validation_Dataset_2024_Ajeet/cts_mobile_jan_to_march_2022/cts_labelled_cellphone_images/B R_629173_mv_snap_6106.jpg,1,1,1,1
/home/ajeet/codework/datasets/Training_Validation_Dataset_2024_Ajeet-20241107T105545Z-001/Training_Validation_Dataset_2024_Ajeet/cts_mobile_jan_to_march_2022/cts_labelled_cellphone_images/AliBadshaAnjalath_551068_mv_snap_17629.jpg,1,1,1,0
/home/ajeet/codework/datasets/Training_Validation_Dataset_2024_Ajeet-20241107T105545Z-001/Training_Validation_Dataset_2024_Ajeet/cts_mobile_jan_to_march_2022/cts_labelled_cellphone_images/M_608373_mv_snap_8015.jpg,1,1,1,0
/home/ajeet/codework/datasets/Training_Validation_Dataset_2024_Ajeet-20241107T105545Z-001/Training_Validation_Dataset_2024_Ajeet/cts_mobile_jan_to_march_2022/cts_labelled_cellphone_images/Shaila_612785_mv_snap_29992.jpg,1,1,1,0
/home/ajeet/codework/datasets/Training_Validation_Dataset_2024_Ajeet-20241107T105545Z-001/Training_Validation_Dataset_2024_Ajeet/cts_mobile_jan_to_march_2022/cts_labelled_cellphone_images/r_600049_mv_snap_41936.jpg,1,1,1,0
/home/ajeet/codework/datasets/Training_Validation_Dataset_2024_Ajeet-20241107T105545Z-001/Training_Validation_Dataset_2024_Ajeet/cts_mobile_jan_to_march_2022/cts_labelled_cellphone_images/Ekade_592588_mv_snap_39107.jpg,1,1,1,0
/home/ajeet/codework/datasets/Training_Validation_Dataset_2024_Ajeet-20241107T105545Z-001/Training_Validation_Dataset_2024_Ajeet/cts_mobile_jan_to_march_2022/cts_labelled_cellphone_images/Prabhu_566344_mv_snap_919.jpg,1,1,1,1
/home/ajeet/codework/datasets/Training_Validation_Dataset_2024_Ajeet-20241107T105545Z-001/Training_Validation_Dataset_2024_Ajeet/cts_mobile_jan_to_march_2022/cts_labelled_cellphone_images/Tharaka_574079_mv_snap_20076.jpg,1,1,1,1
/home/ajeet/codework/datasets/Training_Validation_Dataset_2024_Ajeet-20241107T105545Z-001/Training_Validation_Dataset_2024_Ajeet/cts_mobile_jan_to_march_2022/cts_labelled_cellphone_images/Jadhav_610679_mv_snap_22661.jpg,1,1,1,1
/home/ajeet/codework/datasets/Training_Validation_Dataset_2024_Ajeet-20241107T105545Z-001/Training_Validation_Dataset_2024_Ajeet/cts_mobile_jan_to_march_2022/cts_labelled_cellphone_images/M_608373_mv_snap_8016.jpg,1,1,1,0
/home/ajeet/codework/datasets/Training_Validation_Dataset_2024_Ajeet-20241107T105545Z-001/Training_Validation_Dataset_2024_Ajeet/cts_mobile_jan_to_march_2022/cts_labelled_cellphone_images/Tharaka_572199_Mobile Camera_20026.jpg,1,0,0,0
/home/ajeet/codework/datasets/Training_Validation_Dataset_2024_Ajeet-20241107T105545Z-001/Training_Validation_Dataset_2024_Ajeet/cts_mobile_jan_to_march_2022/cts_labelled_cellphone_images/M_603743_mv_snap_7678.jpg,1,1,1,1
/home/ajeet/codework/datasets/Training_Validation_Dataset_2024_Ajeet-20241107T105545Z-001/Training_Validation_Dataset_2024_Ajeet/cts_mobile_jan_to_march_2022/cts_labelled_cellphone_images/M_608373_mv_snap_7999.jpg,1,1,1,1
/home/ajeet/codework/datasets/Training_Validation_Dataset_2024_Ajeet-20241107T105545Z-001/Training_Validation_Dataset_2024_Ajeet/cts_mobile_jan_to_march_2022/cts_labelled_cellphone_images/AliBadshaAnjalath_542614_mv_snap_17486.jpg,1,1,1,1
/home/ajeet/codework/datasets/Training_Validation_Dataset_2024_Ajeet-20241107T105545Z-001/Training_Validation_Dataset_2024_Ajeet/cts_mobile_jan_to_march_2022/cts_labelled_cellphone_images/r_562878_mv_snap_34971.jpg,1,1,1,0
/home/ajeet/codework/datasets/Training_Validation_Dataset_2024_Ajeet-20241107T105545Z-001/Training_Validation_Dataset_2024_Ajeet/cts_mobile_jan_to_march_2022/cts_labelled_cellphone_images/Ekade_592588_mv_snap_39093.jpg,1,1,1,0
/home/ajeet/codework/datasets/Training_Validation_Dataset_2024_Ajeet-20241107T105545Z-001/Training_Validation_Dataset_2024_Ajeet/cts_mobile_jan_to_march_2022/cts_labelled_cellphone_images/M_609136_mv_snap_8041.jpg,1,1,1,1
/home/ajeet/codework/datasets/Training_Validation_Dataset_2024_Ajeet-20241107T105545Z-001/Training_Validation_Dataset_2024_Ajeet/cts_mobile_jan_to_march_2022/cts_labelled_cellphone_images/M_608373_mv_snap_7973.jpg,1,1,1,1
/home/ajeet/codework/datasets/Training_Validation_Dataset_2024_Ajeet-20241107T105545Z-001/Training_Validation_Dataset_2024_Ajeet/cts_mobile_jan_to_march_2022/cts_labelled_cellphone_images/G_589682_mv_snap_26937.jpg,1,1,1,0
/home/ajeet/codework/datasets/Training_Validation_Dataset_2024_Ajeet-20241107T105545Z-001/Training_Validation_Dataset_2024_Ajeet/cts_mobile_jan_to_march_2022/cts_labelled_cellphone_images/AliBadshaAnjalath_551068_mv_snap_17627.jpg,1,1,1,0
/home/ajeet/codework/datasets/Training_Validation_Dataset_2024_Ajeet-20241107T105545Z-001/Training_Validation_Dataset_2024_Ajeet/cts_mobile_jan_to_march_2022/cts_labelled_cellphone_images/M_613245_mv_snap_8091.jpg,1,1,1,1
/home/ajeet/codework/datasets/Training_Validation_Dataset_2024_Ajeet-20241107T105545Z-001/Training_Validation_Dataset_2024_Ajeet/cts_mobile_jan_to_march_2022/cts_labelled_cellphone_images/AliBadshaAnjalath_586028_mv_snap_18275.jpg,1,1,1,0
/home/ajeet/codework/datasets/Training_Validation_Dataset_2024_Ajeet-20241107T105545Z-001/Training_Validation_Dataset_2024_Ajeet/cts_mobile_jan_to_march_2022/cts_labelled_cellphone_images/M_608373_mv_snap_8013.jpg,1,1,1,0
/home/ajeet/codework/datasets/Training_Validation_Dataset_2024_Ajeet-20241107T105545Z-001/Training_Validation_Dataset_2024_Ajeet/cts_mobile_jan_to_march_2022/cts_labelled_cellphone_images/Ekade_592588_mv_snap_39108.jpg,1,1,1,0
/home/ajeet/codework/datasets/Training_Validation_Dataset_2024_Ajeet-20241107T105545Z-001/Training_Validation_Dataset_2024_Ajeet/cts_mobile_jan_to_march_2022/cts_labelled_cellphone_images/r_603428_mv_snap_41970.jpg,1,1,1,0
/home/ajeet/codework/datasets/Training_Validation_Dataset_2024_Ajeet-20241107T105545Z-001/Training_Validation_Dataset_2024_Ajeet/cts_mobile_jan_to_march_2022/cts_labelled_cellphone_images/Tharaka_572199_mv_snap_20015.jpg,1,1,1,1
/home/ajeet/codework/datasets/Training_Validation_Dataset_2024_Ajeet-20241107T105545Z-001/Training_Validation_Dataset_2024_Ajeet/cts_mobile_jan_to_march_2022/cts_labelled_cellphone_images/r_563873_mv_snap_34988.jpg,1,1,1,1
/home/ajeet/codework/datasets/Training_Validation_Dataset_2024_Ajeet-20241107T105545Z-001/Training_Validation_Dataset_2024_Ajeet/cts_mobile_jan_to_march_2022/cts_labelled_cellphone_images/r_600049_mv_snap_41944.jpg,1,1,1,0
/home/ajeet/codework/datasets/Training_Validation_Dataset_2024_Ajeet-20241107T105545Z-001/Training_Validation_Dataset_2024_Ajeet/cts_mobile_jan_to_march_2022/cts_labelled_cellphone_images/Tharaka_569048_mv_snap_19861.jpg,1,1,1,0
/home/ajeet/codework/datasets/Training_Validation_Dataset_2024_Ajeet-20241107T105545Z-001/Training_Validation_Dataset_2024_Ajeet/cts_mobile_jan_to_march_2022/cts_labelled_cellphone_images/r_562878_mv_snap_34979.jpg,1,1,1,0
/home/ajeet/codework/datasets/Training_Validation_Dataset_2024_Ajeet-20241107T105545Z-001/Training_Validation_Dataset_2024_Ajeet/cts_mobile_jan_to_march_2022/cts_labelled_cellphone_images/Shaila_597078_mv_snap_29622.jpg,1,1,1,1
/home/ajeet/codework/datasets/Training_Validation_Dataset_2024_Ajeet-20241107T105545Z-001/Training_Validation_Dataset_2024_Ajeet/cts_mobile_jan_to_march_2022/cts_labelled_cellphone_images/Tharaka_549929_mv_snap_19594.jpg,1,1,1,1
/home/ajeet/codework/datasets/Training_Validation_Dataset_2024_Ajeet-20241107T105545Z-001/Training_Validation_Dataset_2024_Ajeet/cts_mobile_jan_to_march_2022/cts_labelled_cellphone_images/VRNS_605793_mv_snap_62.jpg,1,1,1,1
/home/ajeet/codework/datasets/Training_Validation_Dataset_2024_Ajeet-20241107T105545Z-001/Training_Validation_Dataset_2024_Ajeet/cts_mobile_jan_to_march_2022/cts_labelled_cellphone_images/M_606230_mv_snap_7792.jpg,1,1,1,0
/home/ajeet/codework/datasets/Training_Validation_Dataset_2024_Ajeet-20241107T105545Z-001/Training_Validation_Dataset_2024_Ajeet/cts_mobile_jan_to_march_2022/cts_labelled_cellphone_images/Ekade_592588_mv_snap_39097.jpg,1,1,1,0
/home/ajeet/codework/datasets/Training_Validation_Dataset_2024_Ajeet-20241107T105545Z-001/Training_Validation_Dataset_2024_Ajeet/cts_mobile_jan_to_march_2022/cts_labelled_cellphone_images/VRNS_605998_mv_snap_228.jpg,1,1,1,1
/home/ajeet/codework/datasets/Training_Validation_Dataset_2024_Ajeet-20241107T105545Z-001/Training_Validation_Dataset_2024_Ajeet/cts_mobile_jan_to_march_2022/cts_labelled_cellphone_images/M_606230_mv_snap_7793.jpg,1,1,1,0
/home/ajeet/codework/datasets/Training_Validation_Dataset_2024_Ajeet-20241107T105545Z-001/Training_Validation_Dataset_2024_Ajeet/cts_mobile_jan_to_march_2022/cts_labelled_cellphone_images/Tharaka_574079_mv_snap_20075.jpg,1,1,1,1
